INSERT INTO department VALUES
  ('01', '通信工程学院'),
  ('02', '计算机学院'),
  ('03', '物理与光电工程学院'),
  ('04', '数学与统计学院'),
  ('05', '外国语学院'),
  ('06', '微电子学院'),
  ('07', '空间科学与技术学院'),
  ('08', '网络与信息安全学院'),
  ('09', '人工智能学院'),
  ('10', '网络与继续教育学院'),
  ('11', '电子工程学院'),
  ('12', '机电工程学院'),
  ('13', '软件学院'),
  ('14', '经济与管理学院'),
  ('15', '人文学院'),
  ('16', '生命科学技术学院'),
  ('17', '先进材料与纳米科技学院'),
  ('18', '马克思主义学院'),
  ('19', '国际教育学院');

INSERT INTO major VALUES
  ('1301', '13', '软件工程'),
  ('0101', '01', '通信工程'),
  ('0102', '01', '信息安全'),
  ('0103', '01', '信息工程'),
  ('0104', '01', '空间信息与数字技术'),
  ('0201', '02', '计算机科学与技术'),
  ('0202', '02', '网络工程'),
  ('0203', '02', '教育技术学'),
  ('0301', '03', '电子科学与技术'),
  ('0302', '03', '管信息科学与技术'),
  ('0303', '03', '应用物理学'),
  ('0304', '03', '电子信息科学与技术'),
  ('0305', '03', '电波传播与天线'),
  ('0401', '04', '数学与应用数学'),
  ('0402', '04', '统计学'),
  ('0403', '04', '信息与计算科学');

INSERT INTO classes VALUES
  ('1613011', '1301', 2016),
  ('1613012', '1301', 2016),
  ('1613013', '1301', 2016),
  ('1613014', '1301', 2016),
  ('1613018', '1301', 2016);

INSERT INTO student VALUES
  ('16130120191', '1613012', '罗阳豪'),
  ('16130120181', '1613012', '郑昊鹏'),
  ('16130120201', '1613012', '方浩杰'),
  ('16130120132', '1613012', '李振');

INSERT INTO instructor VALUES
  (NULL, '刘伟'),
  (NULL, '张玲霞'),
  (NULL, '张亮'),
  (NULL, '韦统义'),
  (NULL, '李瑞'),
  (NULL, '王献青'),
  (NULL, '韩社教'),
  (NULL, '陈静玉'),
  (NULL, '樊晓丽'),
  (NULL, '张红升');

INSERT INTO course VALUES
  ('SE3002L', '信号与系统', TRUE, 2),
  ('SE5003L', '数据库系统', TRUE, 2),
  ('SE3003L', '数字电路与系统设计', TRUE, 2),
  ('HA1004L', '毛泽东思想和中国特色社会主义理论体系概论', TRUE, 2),
  ('SE3008L', '计算机组成与结构', TRUE, 2),
  ('FL1004L', '大学英语', TRUE, 2),
  ('SE2007L', '面向对象程序设计', TRUE, 2),
  ('SE3006L', '软件工程概论', TRUE, 2),
  ('HE1004L', '大学体育', TRUE, 2),
  ('HH22001', '网络对抗', TRUE, 2),
  ('HH22002', '数模', TRUE, 4),
  ('HH22003', '中国文化史', TRUE, 2),
  ('HH22004', '合唱', TRUE, 2),
  ('HH22005', '人文科学概论', TRUE, 2),
  ('HH22006', '法语', TRUE, 4),
  ('HH22007', '宏观经济学', TRUE, 2);

INSERT INTO project VALUES
  (NULL, '1301', 2016, 2016, 6),
  (NULL, '1301', 2016, 2017, 6),
  (NULL, '1301', 2016, 2018, 6),
  (NULL, '1301', 2017, 2017, 6),
  (NULL, '1301', 2017, 2018, 6);

INSERT INTO project_course VALUES
  (2, 'SE3002L', 2, 4),
  (2, 'SE5003L', 1, 2),
  (2, 'SE3003L', 1, 2),
  (2, 'HA1004L', 1, 2),
  (2, 'SE3008L', 1, 2),
  (2, 'FL1004L', 1, 2),
  (2, 'SE2007L', 1, 2),
  (2, 'SE3006L', 1, 2),
  (2, 'HE1004L', 1, 2);

INSERT INTO grade VALUES
  ('16130120191', 'SE3002L', 50),
  ('16130120191', 'SE5003L', 50),
  ('16130120191', 'SE3003L', 100),
  ('16130120191', 'HA1004L', 100),
  ('16130120191', 'SE3008L', 50),
  ('16130120191', 'FL1004L', 100),
  ('16130120191', 'SE2007L', 100),
  ('16130120191', 'SE3006L', 100),
  ('16130120191', 'HE1004L', 100),
  ('16130120191', 'HH22001', 70),
  ('16130120191', 'HH22003', 80),
  ('16130120191', 'HH22005', 0),
  ('16130120191', 'HH22007', 80),
  ('16130120201', 'SE3002L', 100),
  ('16130120201', 'SE5003L', 100),
  ('16130120201', 'SE3003L', 100),
  ('16130120201', 'HA1004L', 40),
  ('16130120201', 'SE3008L', 100),
  ('16130120201', 'FL1004L', 100),
  ('16130120201', 'SE2007L', 100),
  ('16130120201', 'SE3006L', 100),
  ('16130120201', 'HE1004L', 100),
  ('16130120201', 'HH22002', 70),
  ('16130120201', 'HH22007', 70),
  ('16130120181', 'SE3002L', 100),
  ('16130120181', 'SE5003L', 100),
  ('16130120181', 'SE3003L', 100),
  ('16130120181', 'HA1004L', 50),
  ('16130120181', 'SE3008L', 100),
  ('16130120181', 'FL1004L', 100),
  ('16130120181', 'SE2007L', 100),
  ('16130120181', 'SE3006L', 100),
  ('16130120181', 'HE1004L', 100),
  ('16130120181', 'HH22001', 0),
  ('16130120181', 'HH22003', 70),
  ('16130120181', 'HH22006', 70),
  ('16130120132', 'SE3002L', 100),
  ('16130120132', 'SE5003L', 40),
  ('16130120132', 'SE3003L', 100),
  ('16130120132', 'HA1004L', 40),
  ('16130120132', 'SE3008L', 100),
  ('16130120132', 'FL1004L', 100),
  ('16130120132', 'SE2007L', 100),
  ('16130120132', 'SE3006L', 100),
  ('16130120132', 'HE1004L', 100),
  ('16130120132', 'HH22003', 80),
  ('16130120132', 'HH22004', 60);

INSERT INTO teach VALUES
  ('1613012', 2, 'SE3002L'),
  ('1613012', 1, 'SE5003L'),
  ('1613012', 3, 'SE3003L'),
  ('1613012', 4, 'HA1004L'),
  ('1613012', 5, 'SE3008L'),
  ('1613012', 9, 'FL1004L'),
  ('1613012', 6, 'SE2007L'),
  ('1613012', 7, 'SE3006L'),
  ('1613012', 10, 'HE1004L');
